<application>
  <component name="FileTypeManager" version="17">
    <extensionMap>
      <mapping ext="gradle.kts" type="Kotlin" />
      <mapping ext="main.kts" type="Kotlin" />
      <mapping pattern="Procfile" type="PLAIN_TEXT" />
      <mapping pattern="run-docker-compose" type="PLAIN_TEXT" />
      <mapping pattern="EventModel" type="PLAIN_TEXT" />
      <mapping pattern="BinaryNumbers" type="PLAIN_TEXT" />
      <mapping pattern="precos-planos" type="PLAIN_TEXT" />
      <mapping pattern="run-docker-compose.sh" type="PLAIN_TEXT" />
    </extensionMap>
  </component>
</application>