<profile version="1.0">
  <option name="myName" value="Default" />
  <inspection_tool class="CheckEmptyScriptTag" enabled="false" level="WARNING" enabled_by_default="false" />
  <inspection_tool class="CheckTagEmptyBody" enabled="false" level="WARNING" enabled_by_default="false" />
  <inspection_tool class="HtmlUnknownAttribute" enabled="true" level="WARNING" enabled_by_default="true">
    <option name="myValues">
      <value>
        <list size="129">
          <item index="0" class="java.lang.String" itemvalue="layout:decorate" />
          <item index="1" class="java.lang.String" itemvalue="layout:fragment" />
          <item index="2" class="java.lang.String" itemvalue="layout:replace" />
          <item index="3" class="java.lang.String" itemvalue="layout:title-pattern" />
          <item index="4" class="java.lang.String" itemvalue="sec:authorize" />
          <item index="5" class="java.lang.String" itemvalue="th:abbr" />
          <item index="6" class="java.lang.String" itemvalue="th:accept" />
          <item index="7" class="java.lang.String" itemvalue="th:accept-charset" />
          <item index="8" class="java.lang.String" itemvalue="th:accesskey" />
          <item index="9" class="java.lang.String" itemvalue="th:action" />
          <item index="10" class="java.lang.String" itemvalue="th:align" />
          <item index="11" class="java.lang.String" itemvalue="th:alt" />
          <item index="12" class="java.lang.String" itemvalue="th:archive" />
          <item index="13" class="java.lang.String" itemvalue="th:attr" />
          <item index="14" class="java.lang.String" itemvalue="th:audio" />
          <item index="15" class="java.lang.String" itemvalue="th:autocomplete" />
          <item index="16" class="java.lang.String" itemvalue="th:axis" />
          <item index="17" class="java.lang.String" itemvalue="th:background" />
          <item index="18" class="java.lang.String" itemvalue="th:bgcolor" />
          <item index="19" class="java.lang.String" itemvalue="th:border" />
          <item index="20" class="java.lang.String" itemvalue="th:cellpadding" />
          <item index="21" class="java.lang.String" itemvalue="th:cellspacing" />
          <item index="22" class="java.lang.String" itemvalue="th:challenge" />
          <item index="23" class="java.lang.String" itemvalue="th:charset" />
          <item index="24" class="java.lang.String" itemvalue="th:checked" />
          <item index="25" class="java.lang.String" itemvalue="th:cite" />
          <item index="26" class="java.lang.String" itemvalue="th:class" />
          <item index="27" class="java.lang.String" itemvalue="th:classappend" />
          <item index="28" class="java.lang.String" itemvalue="th:classid" />
          <item index="29" class="java.lang.String" itemvalue="th:codebase" />
          <item index="30" class="java.lang.String" itemvalue="th:codetype" />
          <item index="31" class="java.lang.String" itemvalue="th:cols" />
          <item index="32" class="java.lang.String" itemvalue="th:colspan" />
          <item index="33" class="java.lang.String" itemvalue="th:compact" />
          <item index="34" class="java.lang.String" itemvalue="th:content" />
          <item index="35" class="java.lang.String" itemvalue="th:contenteditable" />
          <item index="36" class="java.lang.String" itemvalue="th:contextmenu" />
          <item index="37" class="java.lang.String" itemvalue="th:data" />
          <item index="38" class="java.lang.String" itemvalue="th:datetime" />
          <item index="39" class="java.lang.String" itemvalue="th:dir" />
          <item index="40" class="java.lang.String" itemvalue="th:disabled" />
          <item index="41" class="java.lang.String" itemvalue="th:draggable" />
          <item index="42" class="java.lang.String" itemvalue="th:dropzone" />
          <item index="43" class="java.lang.String" itemvalue="th:each" />
          <item index="44" class="java.lang.String" itemvalue="th:enctype" />
          <item index="45" class="java.lang.String" itemvalue="th:errors" />
          <item index="46" class="java.lang.String" itemvalue="th:field" />
          <item index="47" class="java.lang.String" itemvalue="th:for" />
          <item index="48" class="java.lang.String" itemvalue="th:form" />
          <item index="49" class="java.lang.String" itemvalue="th:formaction" />
          <item index="50" class="java.lang.String" itemvalue="th:formenctype" />
          <item index="51" class="java.lang.String" itemvalue="th:formmethod" />
          <item index="52" class="java.lang.String" itemvalue="th:formtarget" />
          <item index="53" class="java.lang.String" itemvalue="th:frame" />
          <item index="54" class="java.lang.String" itemvalue="th:frameborder" />
          <item index="55" class="java.lang.String" itemvalue="th:headers" />
          <item index="56" class="java.lang.String" itemvalue="th:height" />
          <item index="57" class="java.lang.String" itemvalue="th:high" />
          <item index="58" class="java.lang.String" itemvalue="th:href" />
          <item index="59" class="java.lang.String" itemvalue="th:hreflang" />
          <item index="60" class="java.lang.String" itemvalue="th:hspace" />
          <item index="61" class="java.lang.String" itemvalue="th:http-equiv" />
          <item index="62" class="java.lang.String" itemvalue="th:icon" />
          <item index="63" class="java.lang.String" itemvalue="th:id" />
          <item index="64" class="java.lang.String" itemvalue="th:if" />
          <item index="65" class="java.lang.String" itemvalue="th:include" />
          <item index="66" class="java.lang.String" itemvalue="th:keytype" />
          <item index="67" class="java.lang.String" itemvalue="th:kind" />
          <item index="68" class="java.lang.String" itemvalue="th:label" />
          <item index="69" class="java.lang.String" itemvalue="th:lang" />
          <item index="70" class="java.lang.String" itemvalue="th:list" />
          <item index="71" class="java.lang.String" itemvalue="th:longdesc" />
          <item index="72" class="java.lang.String" itemvalue="th:low" />
          <item index="73" class="java.lang.String" itemvalue="th:manifest" />
          <item index="74" class="java.lang.String" itemvalue="th:marginheight" />
          <item index="75" class="java.lang.String" itemvalue="th:marginwidth" />
          <item index="76" class="java.lang.String" itemvalue="th:max" />
          <item index="77" class="java.lang.String" itemvalue="th:maxlength" />
          <item index="78" class="java.lang.String" itemvalue="th:media" />
          <item index="79" class="java.lang.String" itemvalue="th:method" />
          <item index="80" class="java.lang.String" itemvalue="th:min" />
          <item index="81" class="java.lang.String" itemvalue="th:name" />
          <item index="82" class="java.lang.String" itemvalue="th:optimum" />
          <item index="83" class="java.lang.String" itemvalue="th:pattern" />
          <item index="84" class="java.lang.String" itemvalue="th:placeholder" />
          <item index="85" class="java.lang.String" itemvalue="th:poster" />
          <item index="86" class="java.lang.String" itemvalue="th:preload" />
          <item index="87" class="java.lang.String" itemvalue="th:radiogroup" />
          <item index="88" class="java.lang.String" itemvalue="th:readonly" />
          <item index="89" class="java.lang.String" itemvalue="th:rel" />
          <item index="90" class="java.lang.String" itemvalue="th:replace" />
          <item index="91" class="java.lang.String" itemvalue="th:required" />
          <item index="92" class="java.lang.String" itemvalue="th:rev" />
          <item index="93" class="java.lang.String" itemvalue="th:rows" />
          <item index="94" class="java.lang.String" itemvalue="th:rowspan" />
          <item index="95" class="java.lang.String" itemvalue="th:rules" />
          <item index="96" class="java.lang.String" itemvalue="th:sandbox" />
          <item index="97" class="java.lang.String" itemvalue="th:scheme" />
          <item index="98" class="java.lang.String" itemvalue="th:scope" />
          <item index="99" class="java.lang.String" itemvalue="th:scrolling" />
          <item index="100" class="java.lang.String" itemvalue="th:selected" />
          <item index="101" class="java.lang.String" itemvalue="th:size" />
          <item index="102" class="java.lang.String" itemvalue="th:sizes" />
          <item index="103" class="java.lang.String" itemvalue="th:span" />
          <item index="104" class="java.lang.String" itemvalue="th:spellcheck" />
          <item index="105" class="java.lang.String" itemvalue="th:src" />
          <item index="106" class="java.lang.String" itemvalue="th:srclang" />
          <item index="107" class="java.lang.String" itemvalue="th:standby" />
          <item index="108" class="java.lang.String" itemvalue="th:start" />
          <item index="109" class="java.lang.String" itemvalue="th:step" />
          <item index="110" class="java.lang.String" itemvalue="th:style" />
          <item index="111" class="java.lang.String" itemvalue="th:summary" />
          <item index="112" class="java.lang.String" itemvalue="th:tabindex" />
          <item index="113" class="java.lang.String" itemvalue="th:target" />
          <item index="114" class="java.lang.String" itemvalue="th:text" />
          <item index="115" class="java.lang.String" itemvalue="th:title" />
          <item index="116" class="java.lang.String" itemvalue="th:type" />
          <item index="117" class="java.lang.String" itemvalue="th:unless" />
          <item index="118" class="java.lang.String" itemvalue="th:usemap" />
          <item index="119" class="java.lang.String" itemvalue="th:utext" />
          <item index="120" class="java.lang.String" itemvalue="th:value" />
          <item index="121" class="java.lang.String" itemvalue="th:valuetype" />
          <item index="122" class="java.lang.String" itemvalue="th:vspace" />
          <item index="123" class="java.lang.String" itemvalue="th:width" />
          <item index="124" class="java.lang.String" itemvalue="th:with" />
          <item index="125" class="java.lang.String" itemvalue="th:wrap" />
          <item index="126" class="java.lang.String" itemvalue="th:xmlbase" />
          <item index="127" class="java.lang.String" itemvalue="th:xmllang" />
          <item index="128" class="java.lang.String" itemvalue="th:xmlspace" />
        </list>
      </value>
    </option>
    <option name="myCustomValuesEnabled" value="true" />
  </inspection_tool>
  <inspection_tool class="HtmlUnknownTag" enabled="true" level="WARNING" enabled_by_default="true">
    <option name="myValues">
      <value>
        <list size="7">
          <item index="0" class="java.lang.String" itemvalue="nobr" />
          <item index="1" class="java.lang.String" itemvalue="noembed" />
          <item index="2" class="java.lang.String" itemvalue="comment" />
          <item index="3" class="java.lang.String" itemvalue="noscript" />
          <item index="4" class="java.lang.String" itemvalue="embed" />
          <item index="5" class="java.lang.String" itemvalue="script" />
          <item index="6" class="java.lang.String" itemvalue="th:block" />
        </list>
      </value>
    </option>
    <option name="myCustomValuesEnabled" value="true" />
  </inspection_tool>
  <inspection_tool class="SpellCheckingInspection" enabled="false" level="TYPO" enabled_by_default="false">
    <option name="processCode" value="true" />
    <option name="processLiterals" value="true" />
    <option name="processComments" value="true" />
  </inspection_tool>
</profile>